{
  "project_info": {
    "project_number": "1085261888099",
    "firebase_url": "https://medical-system-ee228.firebaseio.com",
    "project_id": "medical-system-ee228",
    "storage_bucket": "medical-system-ee228.appspot.com"
  },
  "client": [
    {
      "client_info": {
        "mobilesdk_app_id": "1:1085261888099:android:69dec6d4da57207e561656",
        "android_client_info": {
          "package_name": "com.example.medicaluserapp"
        }
      },
      "oauth_client": [
        {
          "client_id": "1085261888099-c3r72s17kt4vagdc2n2fs821dmo0jg2g.apps.googleusercontent.com",
          "client_type": 3
        }
      ],
      "api_key": [
        {
          "current_key": "AIzaSyCxHEVEcBgJR_-9vaeX-kkgRrMtwQGSU54"
        }
      ],
      "services": {
        "appinvite_service": {
          "other_platform_oauth_client": [
            {
              "client_id": "1085261888099-c3r72s17kt4vagdc2n2fs821dmo0jg2g.apps.googleusercontent.com",
              "client_type": 3
            }
          ]
        }
      }
    }
  ],
  "configuration_version": "1"
}